click_id,user_id,session_id,timestamp,product_asin,product_title,product_category,product_price,affiliate_link,source_page,user_agent,ip_address,country,device_type,click_position,page_scroll_depth,time_on_page_before_click,referrer_url,utm_source,utm_medium,utm_campaign
CLK001,USR10001,SES20240101001,2024-01-01 08:15:23,B08N5WRWNW,Echo Dot (4th Gen) Smart speaker with Alexa,Electronics,49.99,https://amzn.to/3xyz123,/smart-home-devices,Mozilla/5.0 (Windows NT 10.0; Win64; x64),192.168.1.100,US,Desktop,1,0.75,45,https://google.com/search?q=smart+speakers,google,organic,winter_sale
CLK002,USR10002,SES20240101002,2024-01-01 09:22:15,B07FZ8S74R,Fire TV Stick 4K streaming device,Electronics,39.99,https://amzn.to/3abc456,/streaming-devices,Mozilla/5.0 (iPhone; CPU iPhone OS 15_0),10.0.0.50,US,Mobile,2,0.60,32,https://facebook.com,facebook,social,tech_deals
CLK003,USR10003,SES20240101003,2024-01-01 10:45:30,B08C1W5N87,Instant Pot Duo 7-in-1 Electric Pressure Cooker,Kitchen,79.95,https://amzn.to/3def789,/kitchen-appliances,Mozilla/5.0 (Macintosh; Intel Mac OS X 10_15_7),172.16.0.25,CA,Desktop,1,0.85,67,https://pinterest.com,pinterest,social,cooking_essentials
CLK004,USR10004,SES20240101004,2024-01-01 11:30:45,B07HGJKL12,Apple AirPods Pro (2nd Generation),Electronics,249.00,https://amzn.to/3ghi012,/audio-devices,Mozilla/5.0 (Android 12; Mobile),203.0.113.15,UK,Mobile,3,0.45,28,https://twitter.com,twitter,social,audio_gear
CLK005,USR10005,SES20240101005,2024-01-01 12:18:12,B09MNOP345,Ninja Foodi Personal Blender,Kitchen,79.99,https://amzn.to/3jkl345,/small-appliances,Mozilla/5.0 (Windows NT 10.0; Win64; x64),198.51.100.75,AU,Desktop,2,0.70,52,https://youtube.com,youtube,video,healthy_living
CLK006,USR10006,SES20240101006,2024-01-01 13:25:33,B08QRST678,Ring Video Doorbell 4,Home Security,199.99,https://amzn.to/3mno678,/home-security,Mozilla/5.0 (iPad; CPU OS 15_0),192.0.2.100,US,Tablet,1,0.90,78,https://google.com/search?q=doorbell+camera,google,organic,home_security
CLK007,USR10007,SES20240101007,2024-01-01 14:42:18,B07TUVW901,Fitbit Charge 5 Fitness Tracker,Health & Fitness,149.95,https://amzn.to/3pqr901,/fitness-trackers,Mozilla/5.0 (iPhone; CPU iPhone OS 15_0),10.0.0.125,US,Mobile,1,0.55,41,https://instagram.com,instagram,social,fitness_goals
CLK008,USR10008,SES20240101008,2024-01-01 15:55:27,B09XYZ234,Sony WH-1000XM4 Wireless Headphones,Electronics,348.00,https://amzn.to/3stu234,/headphones,Mozilla/5.0 (Windows NT 10.0; Win64; x64),203.0.113.200,DE,Desktop,2,0.80,63,https://reddit.com,reddit,social,audio_reviews
CLK009,USR10009,SES20240101009,2024-01-01 16:33:44,B08ABC567,Keurig K-Mini Coffee Maker,Kitchen,59.99,https://amzn.to/3vwx567,/coffee-makers,Mozilla/5.0 (Macintosh; Intel Mac OS X 10_15_7),198.51.100.150,CA,Desktop,3,0.65,38,https://google.com/search?q=single+serve+coffee,google,organic,morning_routine
CLK010,USR10010,SES20240101010,2024-01-01 17:20:55,B07DEF890,Anker Portable Charger PowerCore 10000,Electronics,25.99,https://amzn.to/3yza890,/portable-chargers,Mozilla/5.0 (Android 12; Mobile),172.16.0.200,US,Mobile,1,0.40,25,https://tiktok.com,tiktok,social,tech_accessories
CLK011,USR10011,SES20240102001,2024-01-02 08:45:12,B09GHI123,Shark Navigator Lift-Away Vacuum,Home & Garden,179.99,https://amzn.to/3bcd123,/vacuum-cleaners,Mozilla/5.0 (Windows NT 10.0; Win64; x64),192.168.1.175,US,Desktop,1,0.75,55,https://google.com/search?q=best+vacuum+cleaner,google,organic,spring_cleaning
CLK012,USR10012,SES20240102002,2024-01-02 09:30:25,B08JKL456,Roku Ultra 4K Streaming Device,Electronics,99.99,https://amzn.to/3efg456,/streaming-devices,Mozilla/5.0 (iPhone; CPU iPhone OS 15_0),10.0.0.75,US,Mobile,2,0.60,42,https://facebook.com,facebook,social,entertainment
CLK013,USR10013,SES20240102003,2024-01-02 10:15:38,B07MNO789,Cuisinart Air Fryer Toaster Oven,Kitchen,199.95,https://amzn.to/3hij789,/air-fryers,Mozilla/5.0 (Macintosh; Intel Mac OS X 10_15_7),203.0.113.50,CA,Desktop,1,0.85,72,https://pinterest.com,pinterest,social,healthy_cooking
CLK014,USR10014,SES20240102004,2024-01-02 11:22:47,B09PQR012,Apple Watch Series 8,Electronics,399.00,https://amzn.to/3klm012,/smartwatches,Mozilla/5.0 (iPad; CPU OS 15_0),198.51.100.25,US,Tablet,1,0.70,58,https://youtube.com,youtube,video,tech_reviews
CLK015,USR10015,SES20240102005,2024-01-02 12:45:33,B08STU345,Dyson V8 Cordless Vacuum,Home & Garden,349.99,https://amzn.to/3nop345,/cordless-vacuums,Mozilla/5.0 (Windows NT 10.0; Win64; x64),172.16.0.100,UK,Desktop,2,0.90,81,https://google.com/search?q=cordless+vacuum+reviews,google,organic,home_improvement
CLK016,USR10016,SES20240102006,2024-01-02 13:18:22,B07VWX678,Bose QuietComfort 45 Headphones,Electronics,329.00,https://amzn.to/3qrs678,/noise-cancelling-headphones,Mozilla/5.0 (Android 12; Mobile),192.0.2.150,AU,Mobile,1,0.55,35,https://spotify.com,spotify,audio,music_lovers
CLK017,USR10017,SES20240102007,2024-01-02 14:35:15,B09YZA901,Ninja Creami Ice Cream Maker,Kitchen,199.99,https://amzn.to/3tuv901,/ice-cream-makers,Mozilla/5.0 (iPhone; CPU iPhone OS 15_0),10.0.0.200,US,Mobile,3,0.65,48,https://instagram.com,instagram,social,dessert_recipes
CLK018,USR10018,SES20240102008,2024-01-02 15:52:41,B08BCD234,Samsung 55" 4K Smart TV,Electronics,497.99,https://amzn.to/3wxy234,/smart-tvs,Mozilla/5.0 (Windows NT 10.0; Win64; x64),203.0.113.75,US,Desktop,1,0.80,69,https://reddit.com,reddit,social,home_theater
CLK019,USR10019,SES20240102009,2024-01-02 16:28:33,B07EFG567,Vitamix 5200 Blender,Kitchen,449.95,https://amzn.to/3zab567,/blenders,Mozilla/5.0 (Macintosh; Intel Mac OS X 10_15_7),198.51.100.100,CA,Desktop,2,0.75,62,https://google.com/search?q=high+performance+blender,google,organic,smoothie_recipes
CLK020,USR10020,SES20240102010,2024-01-02 17:44:28,B09HIJ890,Garmin Forerunner 245 GPS Watch,Health & Fitness,299.99,https://amzn.to/3cde890,/gps-watches,Mozilla/5.0 (Android 12; Mobile),172.16.0.50,US,Mobile,1,0.50,33,https://strava.com,strava,fitness,running_gear
CLK021,USR10021,SES20240103001,2024-01-03 08:12:15,B08N5WRWNW,Echo Dot (4th Gen) Smart speaker with Alexa,Electronics,49.99,https://amzn.to/3xyz123,/smart-home-devices,Mozilla/5.0 (Windows NT 10.0; Win64; x64),192.168.1.101,US,Desktop,1,0.80,52,https://google.com/search?q=alexa+devices,google,organic,smart_home
CLK022,USR10022,SES20240103002,2024-01-03 09:25:33,B07FZ8S74R,Fire TV Stick 4K streaming device,Electronics,39.99,https://amzn.to/3abc456,/streaming-devices,Mozilla/5.0 (iPhone; CPU iPhone OS 15_0),10.0.0.51,US,Mobile,2,0.65,38,https://youtube.com,youtube,video,entertainment
CLK023,USR10023,SES20240103003,2024-01-03 10:48:22,B08C1W5N87,Instant Pot Duo 7-in-1 Electric Pressure Cooker,Kitchen,79.95,https://amzn.to/3def789,/kitchen-appliances,Mozilla/5.0 (Macintosh; Intel Mac OS X 10_15_7),172.16.0.26,CA,Desktop,1,0.90,71,https://pinterest.com,pinterest,social,meal_prep
CLK024,USR10024,SES20240103004,2024-01-03 11:33:44,B07HGJKL12,Apple AirPods Pro (2nd Generation),Electronics,249.00,https://amzn.to/3ghi012,/audio-devices,Mozilla/5.0 (Android 12; Mobile),203.0.113.16,UK,Mobile,3,0.50,31,https://twitter.com,twitter,social,tech_deals
CLK025,USR10025,SES20240103005,2024-01-03 12:22:18,B09MNOP345,Ninja Foodi Personal Blender,Kitchen,79.99,https://amzn.to/3jkl345,/small-appliances,Mozilla/5.0 (Windows NT 10.0; Win64; x64),198.51.100.76,AU,Desktop,2,0.75,48,https://instagram.com,instagram,social,fitness_nutrition
CLK026,USR10026,SES20240103006,2024-01-03 13:45:12,B08QRST678,Ring Video Doorbell 4,Home Security,199.99,https://amzn.to/3mno678,/home-security,Mozilla/5.0 (iPad; CPU OS 15_0),192.0.2.101,US,Tablet,1,0.85,65,https://reddit.com,reddit,social,home_improvement
CLK027,USR10027,SES20240103007,2024-01-03 14:18:55,B07TUVW901,Fitbit Charge 5 Fitness Tracker,Health & Fitness,149.95,https://amzn.to/3pqr901,/fitness-trackers,Mozilla/5.0 (iPhone; CPU iPhone OS 15_0),10.0.0.126,US,Mobile,1,0.60,42,https://facebook.com,facebook,social,new_year_goals
CLK028,USR10028,SES20240103008,2024-01-03 15:32:27,B09XYZ234,Sony WH-1000XM4 Wireless Headphones,Electronics,348.00,https://amzn.to/3stu234,/headphones,Mozilla/5.0 (Windows NT 10.0; Win64; x64),203.0.113.201,DE,Desktop,2,0.85,69,https://spotify.com,spotify,audio,music_gear
CLK029,USR10029,SES20240103009,2024-01-03 16:44:33,B08ABC567,Keurig K-Mini Coffee Maker,Kitchen,59.99,https://amzn.to/3vwx567,/coffee-makers,Mozilla/5.0 (Macintosh; Intel Mac OS X 10_15_7),198.51.100.151,CA,Desktop,3,0.70,44,https://google.com/search?q=compact+coffee+maker,google,organic,office_setup
CLK030,USR10030,SES20240103010,2024-01-03 17:28:44,B07DEF890,Anker Portable Charger PowerCore 10000,Electronics,25.99,https://amzn.to/3yza890,/portable-chargers,Mozilla/5.0 (Android 12; Mobile),172.16.0.201,US,Mobile,1,0.45,28,https://tiktok.com,tiktok,social,travel_essentials
CLK031,USR10031,SES20240104001,2024-01-04 08:15:22,B09GHI123,Shark Navigator Lift-Away Vacuum,Home & Garden,179.99,https://amzn.to/3bcd123,/vacuum-cleaners,Mozilla/5.0 (Windows NT 10.0; Win64; x64),192.168.1.176,US,Desktop,1,0.80,58,https://google.com/search?q=pet+hair+vacuum,google,organic,pet_care
CLK032,USR10032,SES20240104002,2024-01-04 09:42:15,B08JKL456,Roku Ultra 4K Streaming Device,Electronics,99.99,https://amzn.to/3efg456,/streaming-devices,Mozilla/5.0 (iPhone; CPU iPhone OS 15_0),10.0.0.76,US,Mobile,2,0.65,45,https://netflix.com,netflix,streaming,cord_cutting
CLK033,USR10033,SES20240104003,2024-01-04 10:25:38,B07MNO789,Cuisinart Air Fryer Toaster Oven,Kitchen,199.95,https://amzn.to/3hij789,/air-fryers,Mozilla/5.0 (Macintosh; Intel Mac OS X 10_15_7),203.0.113.51,CA,Desktop,1,0.90,78,https://pinterest.com,pinterest,social,healthy_recipes
CLK034,USR10034,SES20240104004,2024-01-04 11:38:47,B09PQR012,Apple Watch Series 8,Electronics,399.00,https://amzn.to/3klm012,/smartwatches,Mozilla/5.0 (iPad; CPU OS 15_0),198.51.100.26,US,Tablet,1,0.75,62,https://apple.com,apple,referral,fitness_tracking
CLK035,USR10035,SES20240104005,2024-01-04 12:52:33,B08STU345,Dyson V8 Cordless Vacuum,Home & Garden,349.99,https://amzn.to/3nop345,/cordless-vacuums,Mozilla/5.0 (Windows NT 10.0; Win64; x64),172.16.0.101,UK,Desktop,2,0.95,85,https://google.com/search?q=best+cordless+vacuum,google,organic,cleaning_solutions
CLK036,USR10036,SES20240104006,2024-01-04 13:22:18,B07VWX678,Bose QuietComfort 45 Headphones,Electronics,329.00,https://amzn.to/3qrs678,/noise-cancelling-headphones,Mozilla/5.0 (Android 12; Mobile),192.0.2.151,AU,Mobile,1,0.60,38,https://amazon.com,amazon,direct,work_from_home
CLK037,USR10037,SES20240104007,2024-01-04 14:45:15,B09YZA901,Ninja Creami Ice Cream Maker,Kitchen,199.99,https://amzn.to/3tuv901,/ice-cream-makers,Mozilla/5.0 (iPhone; CPU iPhone OS 15_0),10.0.0.201,US,Mobile,3,0.70,52,https://instagram.com,instagram,social,summer_treats
CLK038,USR10038,SES20240104008,2024-01-04 15:18:41,B08BCD234,Samsung 55" 4K Smart TV,Electronics,497.99,https://amzn.to/3wxy234,/smart-tvs,Mozilla/5.0 (Windows NT 10.0; Win64; x64),203.0.113.76,US,Desktop,1,0.85,72,https://reddit.com,reddit,social,home_theater_setup
CLK039,USR10039,SES20240104009,2024-01-04 16:33:28,B07EFG567,Vitamix 5200 Blender,Kitchen,449.95,https://amzn.to/3zab567,/blenders,Mozilla/5.0 (Macintosh; Intel Mac OS X 10_15_7),198.51.100.101,CA,Desktop,2,0.80,68,https://google.com/search?q=professional+blender,google,organic,smoothie_business
CLK040,USR10040,SES20240104010,2024-01-04 17:55:22,B09HIJ890,Garmin Forerunner 245 GPS Watch,Health & Fitness,299.99,https://amzn.to/3cde890,/gps-watches,Mozilla/5.0 (Android 12; Mobile),172.16.0.51,US,Mobile,1,0.55,35,https://garmin.com,garmin,referral,marathon_training
CLK041,USR10041,SES20240105001,2024-01-05 08:22:15,B08EFG123,Instant Vortex Plus 4-Quart Air Fryer,Kitchen,79.99,https://amzn.to/3air123,/air-fryers,Mozilla/5.0 (Windows NT 10.0; Win64; x64),192.168.1.102,US,Desktop,1,0.75,49,https://google.com/search?q=healthy+cooking,google,organic,new_year_diet
CLK042,USR10042,SES20240105002,2024-01-05 09:35:28,B07GHI456,Anova Culinary Sous Vide Precision Cooker,Kitchen,149.99,https://amzn.to/3sous456,/sous-vide,Mozilla/5.0 (iPhone; CPU iPhone OS 15_0),10.0.0.52,US,Mobile,2,0.60,41,https://youtube.com,youtube,video,cooking_techniques
CLK043,USR10043,SES20240105003,2024-01-05 10:48:33,B09JKL789,Breville Barista Express Espresso Machine,Kitchen,699.95,https://amzn.to/3espresso789,/espresso-machines,Mozilla/5.0 (Macintosh; Intel Mac OS X 10_15_7),172.16.0.27,CA,Desktop,1,0.85,73,https://reddit.com,reddit,social,coffee_enthusiasts
CLK044,USR10044,SES20240105004,2024-01-05 11:22:44,B08MNO012,Philips Sonicare ProtectiveClean 6100,Health & Personal Care,149.99,https://amzn.to/3sonic012,/electric-toothbrushes,Mozilla/5.0 (Android 12; Mobile),203.0.113.17,UK,Mobile,3,0.45,29,https://dental.com,dental,referral,oral_health
CLK045,USR10045,SES20240105005,2024-01-05 12:15:22,B07PQR345,Theragun Elite Percussive Therapy Device,Health & Fitness,399.00,https://amzn.to/3therapy345,/massage-devices,Mozilla/5.0 (Windows NT 10.0; Win64; x64),198.51.100.77,AU,Desktop,2,0.70,55,https://instagram.com,instagram,social,recovery_tools
CLK046,USR10046,SES20240105006,2024-01-05 13:38:15,B08N5WRWNW,Echo Dot (4th Gen) Smart speaker with Alexa,Electronics,49.99,https://amzn.to/3xyz123,/smart-home-devices,Mozilla/5.0 (iPad; CPU OS 15_0),192.0.2.102,US,Tablet,1,0.80,61,https://facebook.com,facebook,social,smart_home_setup
CLK047,USR10047,SES20240105007,2024-01-05 14:25:33,B07FZ8S74R,Fire TV Stick 4K streaming device,Electronics,39.99,https://amzn.to/3abc456,/streaming-devices,Mozilla/5.0 (iPhone; CPU iPhone OS 15_0),10.0.0.127,US,Mobile,1,0.65,43,https://hulu.com,hulu,streaming,entertainment_upgrade
CLK048,USR10048,SES20240105008,2024-01-05 15:42:18,B08C1W5N87,Instant Pot Duo 7-in-1 Electric Pressure Cooker,Kitchen,79.95,https://amzn.to/3def789,/kitchen-appliances,Mozilla/5.0 (Windows NT 10.0; Win64; x64),203.0.113.202,DE,Desktop,2,0.90,76,https://pinterest.com,pinterest,social,meal_planning
CLK049,USR10049,SES20240105009,2024-01-05 16:18:44,B07HGJKL12,Apple AirPods Pro (2nd Generation),Electronics,249.00,https://amzn.to/3ghi012,/audio-devices,Mozilla/5.0 (Macintosh; Intel Mac OS X 10_15_7),198.51.100.152,CA,Desktop,3,0.55,39,https://apple.com,apple,referral,wireless_audio
CLK050,USR10050,SES20240105010,2024-01-05 17:33:27,B09MNOP345,Ninja Foodi Personal Blender,Kitchen,79.99,https://amzn.to/3jkl345,/small-appliances,Mozilla/5.0 (Android 12; Mobile),172.16.0.202,US,Mobile,1,0.50,32,https://tiktok.com,tiktok,social,healthy_smoothies
CLK051,USR10051,SES20240106001,2024-01-06 08:45:12,B08QRST678,Ring Video Doorbell 4,Home Security,199.99,https://amzn.to/3mno678,/home-security,Mozilla/5.0 (Windows NT 10.0; Win64; x64),192.168.1.177,US,Desktop,1,0.85,67,https://google.com/search?q=smart+doorbell,google,organic,home_security
CLK052,USR10052,SES20240106002,2024-01-06 09:22:25,B07TUVW901,Fitbit Charge 5 Fitness Tracker,Health & Fitness,149.95,https://amzn.to/3pqr901,/fitness-trackers,Mozilla/5.0 (iPhone; CPU iPhone OS 15_0),10.0.0.77,US,Mobile,2,0.60,44,https://fitbit.com,fitbit,referral,fitness_goals
CLK053,USR10053,SES20240106003,2024-01-06 10:35:38,B09XYZ234,Sony WH-1000XM4 Wireless Headphones,Electronics,348.00,https://amzn.to/3stu234,/headphones,Mozilla/5.0 (Macintosh; Intel Mac OS X 10_15_7),203.0.113.52,CA,Desktop,1,0.80,71,https://reddit.com,reddit,social,audiophile_gear
CLK054,USR10054,SES20240106004,2024-01-06 11:48:47,B08ABC567,Keurig K-Mini Coffee Maker,Kitchen,59.99,https://amzn.to/3vwx567,/coffee-makers,Mozilla/5.0 (iPad; CPU OS 15_0),198.51.100.27,US,Tablet,1,0.70,56,https://youtube.com,youtube,video,coffee_reviews
CLK055,USR10055,SES20240106005,2024-01-06 12:25:33,B07DEF890,Anker Portable Charger PowerCore 10000,Electronics,25.99,https://amzn.to/3yza890,/portable-chargers,Mozilla/5.0 (Windows NT 10.0; Win64; x64),172.16.0.102,UK,Desktop,2,0.45,31,https://amazon.com,amazon,direct,travel_accessories
CLK056,USR10056,SES20240106006,2024-01-06 13:42:18,B09GHI123,Shark Navigator Lift-Away Vacuum,Home & Garden,179.99,https://amzn.to/3bcd123,/vacuum-cleaners,Mozilla/5.0 (Android 12; Mobile),192.0.2.152,AU,Mobile,1,0.75,58,https://google.com/search?q=upright+vacuum,google,organic,spring_cleaning
CLK057,USR10057,SES20240106007,2024-01-06 14:18:44,B08JKL456,Roku Ultra 4K Streaming Device,Electronics,99.99,https://amzn.to/3efg456,/streaming-devices,Mozilla/5.0 (iPhone; CPU iPhone OS 15_0),10.0.0.202,US,Mobile,3,0.65,47,https://roku.com,roku,referral,streaming_upgrade
CLK058,USR10058,SES20240106008,2024-01-06 15:35:22,B07MNO789,Cuisinart Air Fryer Toaster Oven,Kitchen,199.95,https://amzn.to/3hij789,/air-fryers,Mozilla/5.0 (Windows NT 10.0; Win64; x64),203.0.113.77,US,Desktop,1,0.90,82,https://pinterest.com,pinterest,social,kitchen_upgrades
CLK059,USR10059,SES20240106009,2024-01-06 16:22:15,B09PQR012,Apple Watch Series 8,Electronics,399.00,https://amzn.to/3klm012,/smartwatches,Mozilla/5.0 (Macintosh; Intel Mac OS X 10_15_7),198.51.100.102,CA,Desktop,2,0.75,64,https://apple.com,apple,referral,health_monitoring
CLK060,USR10060,SES20240106010,2024-01-06 17:45:33,B08STU345,Dyson V8 Cordless Vacuum,Home & Garden,349.99,https://amzn.to/3nop345,/cordless-vacuums,Mozilla/5.0 (Android 12; Mobile),172.16.0.52,US,Mobile,1,0.85,69,https://dyson.com,dyson,referral,cleaning_technology
CLK061,USR10061,SES20240107001,2024-01-07 08:12:44,B07VWX678,Bose QuietComfort 45 Headphones,Electronics,329.00,https://amzn.to/3qrs678,/noise-cancelling-headphones,Mozilla/5.0 (Windows NT 10.0; Win64; x64),192.168.1.103,US,Desktop,1,0.60,42,https://google.com/search?q=noise+cancelling,google,organic,work_productivity
CLK062,USR10062,SES20240107002,2024-01-07 09:28:15,B09YZA901,Ninja Creami Ice Cream Maker,Kitchen,199.99,https://amzn.to/3tuv901,/ice-cream-makers,Mozilla/5.0 (iPhone; CPU iPhone OS 15_0),10.0.0.53,US,Mobile,2,0.70,53,https://instagram.com,instagram,social,dessert_making
CLK063,USR10063,SES20240107003,2024-01-07 10:45:22,B08BCD234,Samsung 55" 4K Smart TV,Electronics,497.99,https://amzn.to/3wxy234,/smart-tvs,Mozilla/5.0 (Macintosh; Intel Mac OS X 10_15_7),172.16.0.28,CA,Desktop,1,0.85,75,https://reddit.com,reddit,social,entertainment_setup
CLK064,USR10064,SES20240107004,2024-01-07 11:33:38,B07EFG567,Vitamix 5200 Blender,Kitchen,449.95,https://amzn.to/3zab567,/blenders,Mozilla/5.0 (Android 12; Mobile),203.0.113.18,UK,Mobile,3,0.80,67,https://vitamix.com,vitamix,referral,health_nutrition
CLK065,USR10065,SES20240107005,2024-01-07 12:22:47,B09HIJ890,Garmin Forerunner 245 GPS Watch,Health & Fitness,299.99,https://amzn.to/3cde890,/gps-watches,Mozilla/5.0 (Windows NT 10.0; Win64; x64),198.51.100.78,AU,Desktop,2,0.55,38,https://strava.com,strava,fitness,running_analytics
CLK066,USR10066,SES20240107006,2024-01-07 13:45:15,B08EFG123,Instant Vortex Plus 4-Quart Air Fryer,Kitchen,79.99,https://amzn.to/3air123,/air-fryers,Mozilla/5.0 (iPad; CPU OS 15_0),192.0.2.103,US,Tablet,1,0.75,59,https://facebook.com,facebook,social,healthy_cooking
CLK067,USR10067,SES20240107007,2024-01-07 14:18:33,B07GHI456,Anova Culinary Sous Vide Precision Cooker,Kitchen,149.99,https://amzn.to/3sous456,/sous-vide,Mozilla/5.0 (iPhone; CPU iPhone OS 15_0),10.0.0.128,US,Mobile,1,0.60,45,https://youtube.com,youtube,video,gourmet_cooking
CLK068,USR10068,SES20240107008,2024-01-07 15:32:18,B09JKL789,Breville Barista Express Espresso Machine,Kitchen,699.95,https://amzn.to/3espresso789,/espresso-machines,Mozilla/5.0 (Windows NT 10.0; Win64; x64),203.0.113.203,DE,Desktop,2,0.85,78,https://pinterest.com,pinterest,social,coffee_culture
CLK069,USR10069,SES20240107009,2024-01-07 16:25:44,B08MNO012,Philips Sonicare ProtectiveClean 6100,Health & Personal Care,149.99,https://amzn.to/3sonic012,/electric-toothbrushes,Mozilla/5.0 (Macintosh; Intel Mac OS X 10_15_7),198.51.100.153,CA,Desktop,3,0.45,33,https://google.com/search?q=electric+toothbrush,google,organic,dental_care
CLK070,USR10070,SES20240107010,2024-01-07 17:42:22,B07PQR345,Theragun Elite Percussive Therapy Device,Health & Fitness,399.00,https://amzn.to/3therapy345,/massage-devices,Mozilla/5.0 (Android 12; Mobile),172.16.0.203,US,Mobile,1,0.70,56,https://theragun.com,theragun,referral,muscle_recovery
CLK071,USR10071,SES20240108001,2024-01-08 08:35:15,B08N5WRWNW,Echo Dot (4th Gen) Smart speaker with Alexa,Electronics,49.99,https://amzn.to/3xyz123,/smart-home-devices,Mozilla/5.0 (Windows NT 10.0; Win64; x64),192.168.1.178,US,Desktop,1,0.80,63,https://google.com/search?q=voice+assistant,google,organic,smart_automation
CLK072,USR10072,SES20240108002,2024-01-08 09:48:28,B07FZ8S74R,Fire TV Stick 4K streaming device,Electronics,39.99,https://amzn.to/3abc456,/streaming-devices,Mozilla/5.0 (iPhone; CPU iPhone OS 15_0),10.0.0.78,US,Mobile,2,0.65,48,https://disney.com,disney,streaming,family_entertainment
CLK073,USR10073,SES20240108003,2024-01-08 10:22:33,B08C1W5N87,Instant Pot Duo 7-in-1 Electric Pressure Cooker,Kitchen,79.95,https://amzn.to/3def789,/kitchen-appliances,Mozilla/5.0 (Macintosh; Intel Mac OS X 10_15_7),203.0.113.53,CA,Desktop,1,0.90,81,https://reddit.com,reddit,social,pressure_cooking
CLK074,USR10074,SES20240108004,2024-01-08 11:45:44,B07HGJKL12,Apple AirPods Pro (2nd Generation),Electronics,249.00,https://amzn.to/3ghi012,/audio-devices,Mozilla/5.0 (iPad; CPU OS 15_0),198.51.100.28,US,Tablet,1,0.55,41,https://apple.com,apple,referral,premium_audio
CLK075,USR10075,SES20240108005,2024-01-08 12:18:22,B09MNOP345,Ninja Foodi Personal Blender,Kitchen,79.99,https://amzn.to/3jkl345,/small-appliances,Mozilla/5.0 (Windows NT 10.0; Win64; x64),172.16.0.103,UK,Desktop,2,0.50,36,https://amazon.com,amazon,direct,kitchen_essentials
CLK076,USR10076,SES20240108006,2024-01-08 13:35:15,B08QRST678,Ring Video Doorbell 4,Home Security,199.99,https://amzn.to/3mno678,/home-security,Mozilla/5.0 (Android 12; Mobile),192.0.2.153,AU,Mobile,1,0.85,71,https://google.com/search?q=video+doorbell,google,organic,home_monitoring
CLK077,USR10077,SES20240108007,2024-01-08 14:22:38,B07TUVW901,Fitbit Charge 5 Fitness Tracker,Health & Fitness,149.95,https://amzn.to/3pqr901,/fitness-trackers,Mozilla/5.0 (iPhone; CPU iPhone OS 15_0),10.0.0.203,US,Mobile,3,0.60,46,https://instagram.com,instagram,social,fitness_journey
CLK078,USR10078,SES20240108008,2024-01-08 15:48:44,B09XYZ234,Sony WH-1000XM4 Wireless Headphones,Electronics,348.00,https://amzn.to/3stu234,/headphones,Mozilla/5.0 (Windows NT 10.0; Win64; x64),203.0.113.78,US,Desktop,1,0.80,74,https://sony.com,sony,referral,premium_headphones
CLK079,USR10079,SES20240108009,2024-01-08 16:25:22,B08ABC567,Keurig K-Mini Coffee Maker,Kitchen,59.99,https://amzn.to/3vwx567,/coffee-makers,Mozilla/5.0 (Macintosh; Intel Mac OS X 10_15_7),198.51.100.103,CA,Desktop,2,0.70,57,https://pinterest.com,pinterest,social,morning_routine
CLK080,USR10080,SES20240108010,2024-01-08 17:42:15,B07DEF890,Anker Portable Charger PowerCore 10000,Electronics,25.99,https://amzn.to/3yza890,/portable-chargers,Mozilla/5.0 (Android 12; Mobile),172.16.0.53,US,Mobile,1,0.45,29,https://tiktok.com,tiktok,social,tech_hacks
CLK081,USR10081,SES20240109001,2024-01-09 08:15:33,B09GHI123,Shark Navigator Lift-Away Vacuum,Home & Garden,179.99,https://amzn.to/3bcd123,/vacuum-cleaners,Mozilla/5.0 (Windows NT 10.0; Win64; x64),192.168.1.104,US,Desktop,1,0.75,61,https://google.com/search?q=pet+friendly+vacuum,google,organic,pet_owners
CLK082,USR10082,SES20240109002,2024-01-09 09:32:44,B08JKL456,Roku Ultra 4K Streaming Device,Electronics,99.99,https://amzn.to/3efg456,/streaming-devices,Mozilla/5.0 (iPhone; CPU iPhone OS 15_0),10.0.0.54,US,Mobile,2,0.65,49,https://paramount.com,paramount,streaming,premium_content
CLK083,USR10083,SES20240109003,2024-01-09 10:48:22,B07MNO789,Cuisinart Air Fryer Toaster Oven,Kitchen,199.95,https://amzn.to/3hij789,/air-fryers,Mozilla/5.0 (Macintosh; Intel Mac OS X 10_15_7),172.16.0.29,CA,Desktop,1,0.90,83,https://pinterest.com,pinterest,social,air_fryer_recipes
CLK084,USR10084,SES20240109004,2024-01-09 11:25:15,B09PQR012,Apple Watch Series 8,Electronics,399.00,https://amzn.to/3klm012,/smartwatches,Mozilla/5.0 (Android 12; Mobile),203.0.113.19,UK,Mobile,3,0.75,66,https://apple.com,apple,referral,wearable_tech
CLK085,USR10085,SES20240109005,2024-01-09 12:42:38,B08STU345,Dyson V8 Cordless Vacuum,Home & Garden,349.99,https://amzn.to/3nop345,/cordless-vacuums,Mozilla/5.0 (Windows NT 10.0; Win64; x64),198.51.100.79,AU,Desktop,2,0.85,72,https://google.com/search?q=lightweight+vacuum,google,organic,apartment_living
CLK086,USR10086,SES20240109006,2024-01-09 13:18:44,B07VWX678,Bose QuietComfort 45 Headphones,Electronics,329.00,https://amzn.to/3qrs678,/noise-cancelling-headphones,Mozilla/5.0 (iPad; CPU OS 15_0),192.0.2.104,US,Tablet,1,0.60,43,https://bose.com,bose,referral,audio_quality
CLK087,USR10087,SES20240109007,2024-01-09 14:35:22,B09YZA901,Ninja Creami Ice Cream Maker,Kitchen,199.99,https://amzn.to/3tuv901,/ice-cream-makers,Mozilla/5.0 (iPhone; CPU iPhone OS 15_0),10.0.0.129,US,Mobile,1,0.70,54,https://facebook.com,facebook,social,family_fun
CLK088,USR10088,SES20240109008,2024-01-09 15:22:15,B08BCD234,Samsung 55" 4K Smart TV,Electronics,497.99,https://amzn.to/3wxy234,/smart-tvs,Mozilla/5.0 (Windows NT 10.0; Win64; x64),203.0.113.204,DE,Desktop,2,0.85,76,https://samsung.com,samsung,referral,home_entertainment
CLK089,USR10089,SES20240109009,2024-01-09 16:45:33,B07EFG567,Vitamix 5200 Blender,Kitchen,449.95,https://amzn.to/3zab567,/blenders,Mozilla/5.0 (Macintosh; Intel Mac OS X 10_15_7),198.51.100.154,CA,Desktop,3,0.80,69,https://reddit.com,reddit,social,nutrition_lifestyle
CLK090,USR10090,SES20240109010,2024-01-09 17:32:44,B09HIJ890,Garmin Forerunner 245 GPS Watch,Health & Fitness,299.99,https://amzn.to/3cde890,/gps-watches,Mozilla/5.0 (Android 12; Mobile),172.16.0.204,US,Mobile,1,0.55,37,https://runkeeper.com,runkeeper,fitness,training_apps
CLK091,USR10091,SES20240110001,2024-01-10 08:22:18,B08EFG123,Instant Vortex Plus 4-Quart Air Fryer,Kitchen,79.99,https://amzn.to/3air123,/air-fryers,Mozilla/5.0 (Windows NT 10.0; Win64; x64),192.168.1.179,US,Desktop,1,0.75,62,https://google.com/search?q=compact+air+fryer,google,organic,small_kitchen
CLK092,USR10092,SES20240110002,2024-01-10 09:45:33,B07GHI456,Anova Culinary Sous Vide Precision Cooker,Kitchen,149.99,https://amzn.to/3sous456,/sous-vide,Mozilla/5.0 (iPhone; CPU iPhone OS 15_0),10.0.0.79,US,Mobile,2,0.60,46,https://youtube.com,youtube,video,chef_techniques
CLK093,USR10093,SES20240110003,2024-01-10 10:18:44,B09JKL789,Breville Barista Express Espresso Machine,Kitchen,699.95,https://amzn.to/3espresso789,/espresso-machines,Mozilla/5.0 (Macintosh; Intel Mac OS X 10_15_7),203.0.113.54,CA,Desktop,1,0.85,79,https://breville.com,breville,referral,coffee_perfection
CLK094,USR10094,SES20240110004,2024-01-10 11:35:22,B08MNO012,Philips Sonicare ProtectiveClean 6100,Health & Personal Care,149.99,https://amzn.to/3sonic012,/electric-toothbrushes,Mozilla/5.0 (iPad; CPU OS 15_0),198.51.100.29,US,Tablet,1,0.45,34,https://philips.com,philips,referral,oral_hygiene
CLK095,USR10095,SES20240110005,2024-01-10 12:22:15,B07PQR345,Theragun Elite Percussive Therapy Device,Health & Fitness,399.00,https://amzn.to/3therapy345,/massage-devices,Mozilla/5.0 (Windows NT 10.0; Win64; x64),172.16.0.104,UK,Desktop,2,0.70,58,https://instagram.com,instagram,social,athlete_recovery
CLK096,USR10096,SES20240110006,2024-01-10 13:48:38,B08N5WRWNW,Echo Dot (4th Gen) Smart speaker with Alexa,Electronics,49.99,https://amzn.to/3xyz123,/smart-home-devices,Mozilla/5.0 (Android 12; Mobile),192.0.2.154,AU,Mobile,1,0.80,64,https://amazon.com,amazon,direct,voice_control
CLK097,USR10097,SES20240110007,2024-01-10 14:25:44,B07FZ8S74R,Fire TV Stick 4K streaming device,Electronics,39.99,https://amzn.to/3abc456,/streaming-devices,Mozilla/5.0 (iPhone; CPU iPhone OS 15_0),10.0.0.204,US,Mobile,3,0.65,50,https://hbo.com,hbo,streaming,premium_shows
CLK098,USR10098,SES20240110008,2024-01-10 15:42:22,B08C1W5N87,Instant Pot Duo 7-in-1 Electric Pressure Cooker,Kitchen,79.95,https://amzn.to/3def789,/kitchen-appliances,Mozilla/5.0 (Windows NT 10.0; Win64; x64),203.0.113.79,US,Desktop,1,0.90,84,https://pinterest.com,pinterest,social,one_pot_meals
CLK099,USR10099,SES20240110009,2024-01-10 16:18:15,B07HGJKL12,Apple AirPods Pro (2nd Generation),Electronics,249.00,https://amzn.to/3ghi012,/audio-devices,Mozilla/5.0 (Macintosh; Intel Mac OS X 10_15_7),198.51.100.104,CA,Desktop,2,0.55,42,https://apple.com,apple,referral,wireless_freedom
CLK100,USR10100,SES20240110010,2024-01-10 17:35:33,B09MNOP345,Ninja Foodi Personal Blender,Kitchen,79.99,https://amzn.to/3jkl345,/small-appliances,Mozilla/5.0 (Android 12; Mobile),172.16.0.54,US,Mobile,1,0.50,35,https://tiktok.com,tiktok,social,quick_recipes
CLK101,USR10101,SES20240111001,2024-01-11 08:15:44,B08QRST678,Ring Video Doorbell 4,Home Security,199.99,https://amzn.to/3mno678,/home-security,Mozilla/5.0 (Windows NT 10.0; Win64; x64),192.168.1.105,US,Desktop,1,0.85,68,https://google.com/search?q=smart+doorbell+reviews,google,organic,home_automation
CLK102,USR10102,SES20240111002,2024-01-11 09:32:18,B07TUVW901,Fitbit Charge 5 Fitness Tracker,Health & Fitness,149.95,https://amzn.to/3pqr901,/fitness-trackers,Mozilla/5.0 (iPhone; CPU iPhone OS 15_0),10.0.0.80,US,Mobile,2,0.60,47,https://myfitnesspal.com,myfitnesspal,fitness,health_tracking
CLK103,USR10103,SES20240111003,2024-01-11 10:48:33,B09XYZ234,Sony WH-1000XM4 Wireless Headphones,Electronics,348.00,https://amzn.to/3stu234,/headphones,Mozilla/5.0 (Macintosh; Intel Mac OS X 10_15_7),203.0.113.55,CA,Desktop,1,0.80,73,https://reddit.com/r/headphones,reddit,social,audiophile_community
CLK104,USR10104,SES20240111004,2024-01-11 11:25:22,B08ABC567,Keurig K-Mini Coffee Maker,Kitchen,59.99,https://amzn.to/3vwx567,/coffee-makers,Mozilla/5.0 (iPad; CPU OS 15_0),198.51.100.30,US,Tablet,1,0.70,59,https://youtube.com/watch?v=coffee_review,youtube,video,coffee_tutorials
CLK105,USR10105,SES20240111005,2024-01-11 12:42:15,B07DEF890,Anker Portable Charger PowerCore 10000,Electronics,25.99,https://amzn.to/3yza890,/portable-chargers,Mozilla/5.0 (Windows NT 10.0; Win64; x64),172.16.0.105,UK,Desktop,2,0.45,32,https://amazon.com/search?k=portable+charger,amazon,direct,tech_accessories
CLK106,USR10106,SES20240111006,2024-01-11 13:18:44,B09GHI123,Shark Navigator Lift-Away Vacuum,Home & Garden,179.99,https://amzn.to/3bcd123,/vacuum-cleaners,Mozilla/5.0 (Android 12; Mobile),192.0.2.155,AU,Mobile,1,0.75,61,https://google.com/search?q=best+vacuum+for+pets,google,organic,pet_care_solutions
CLK107,USR10107,SES20240111007,2024-01-11 14:35:33,B08JKL456,Roku Ultra 4K Streaming Device,Electronics,99.99,https://amzn.to/3efg456,/streaming-devices,Mozilla/5.0 (iPhone; CPU iPhone OS 15_0),10.0.0.205,US,Mobile,3,0.65,51,https://roku.com/whats-on,roku,referral,streaming_content
CLK108,USR10108,SES20240111008,2024-01-11 15:22:18,B07MNO789,Cuisinart Air Fryer Toaster Oven,Kitchen,199.95,https://amzn.to/3hij789,/air-fryers,Mozilla/5.0 (Windows NT 10.0; Win64; x64),203.0.113.80,US,Desktop,1,0.90,85,https://pinterest.com/pin/air-fryer-recipes,pinterest,social,healthy_cooking_ideas
CLK109,USR10109,SES20240111009,2024-01-11 16:45:44,B09PQR012,Apple Watch Series 8,Electronics,399.00,https://amzn.to/3klm012,/smartwatches,Mozilla/5.0 (Macintosh; Intel Mac OS X 10_15_7),198.51.100.105,CA,Desktop,2,0.75,67,https://apple.com/watch,apple,referral,health_fitness_tech
CLK110,USR10110,SES20240111010,2024-01-11 17:32:22,B08STU345,Dyson V8 Cordless Vacuum,Home & Garden,349.99,https://amzn.to/3nop345,/cordless-vacuums,Mozilla/5.0 (Android 12; Mobile),172.16.0.55,US,Mobile,1,0.85,72,https://dyson.com/vacuum-cleaners,dyson,referral,premium_cleaning
CLK111,USR10111,SES20240112001,2024-01-12 08:22:33,B07VWX678,Bose QuietComfort 45 Headphones,Electronics,329.00,https://amzn.to/3qrs678,/noise-cancelling-headphones,Mozilla/5.0 (Windows NT 10.0; Win64; x64),192.168.1.180,US,Desktop,1,0.60,44,https://google.com/search?q=noise+cancelling+headphones+work,google,organic,remote_work_setup
CLK112,USR10112,SES20240112002,2024-01-12 09:45:15,B09YZA901,Ninja Creami Ice Cream Maker,Kitchen,199.99,https://amzn.to/3tuv901,/ice-cream-makers,Mozilla/5.0 (iPhone; CPU iPhone OS 15_0),10.0.0.55,US,Mobile,2,0.70,55,https://instagram.com/p/ice_cream_recipes,instagram,social,dessert_inspiration
CLK113,USR10113,SES20240112003,2024-01-12 10:18:44,B08BCD234,Samsung 55" 4K Smart TV,Electronics,497.99,https://amzn.to/3wxy234,/smart-tvs,Mozilla/5.0 (Macintosh; Intel Mac OS X 10_15_7),172.16.0.30,CA,Desktop,1,0.85,77,https://samsung.com/us/televisions,samsung,referral,home_entertainment_upgrade
CLK114,USR10114,SES20240112004,2024-01-12 11:35:22,B07EFG567,Vitamix 5200 Blender,Kitchen,449.95,https://amzn.to/3zab567,/blenders,Mozilla/5.0 (iPad; CPU OS 15_0),203.0.113.20,UK,Tablet,1,0.80,71,https://vitamix.com/us/en_us/shop/5200,vitamix,referral,professional_blending
CLK115,USR10115,SES20240112005,2024-01-12 12:22:15,B09HIJ890,Garmin Forerunner 245 GPS Watch,Health & Fitness,299.99,https://amzn.to/3cde890,/gps-watches,Mozilla/5.0 (Windows NT 10.0; Win64; x64),198.51.100.80,AU,Desktop,2,0.55,39,https://strava.com/athletes,strava,fitness,running_community
CLK116,USR10116,SES20240112006,2024-01-12 13:48:33,B08EFG123,Instant Vortex Plus 4-Quart Air Fryer,Kitchen,79.99,https://amzn.to/3air123,/air-fryers,Mozilla/5.0 (Android 12; Mobile),192.0.2.156,US,Mobile,1,0.75,63,https://facebook.com/groups/air-fryer-recipes,facebook,social,cooking_community
CLK117,USR10117,SES20240112007,2024-01-12 14:25:44,B07GHI456,Anova Culinary Sous Vide Precision Cooker,Kitchen,149.99,https://amzn.to/3sous456,/sous-vide,Mozilla/5.0 (iPhone; CPU iPhone OS 15_0),10.0.0.130,US,Mobile,3,0.60,48,https://youtube.com/c/SousVideEverything,youtube,video,gourmet_cooking_channel
CLK118,USR10118,SES20240112008,2024-01-12 15:42:18,B09JKL789,Breville Barista Express Espresso Machine,Kitchen,699.95,https://amzn.to/3espresso789,/espresso-machines,Mozilla/5.0 (Windows NT 10.0; Win64; x64),203.0.113.205,DE,Desktop,2,0.85,81,https://breville.com/us/en/products/espresso.html,breville,referral,coffee_perfection_tools
CLK119,USR10119,SES20240112009,2024-01-12 16:18:22,B08MNO012,Philips Sonicare ProtectiveClean 6100,Health & Personal Care,149.99,https://amzn.to/3sonic012,/electric-toothbrushes,Mozilla/5.0 (Macintosh; Intel Mac OS X 10_15_7),198.51.100.155,CA,Desktop,3,0.45,36,https://philips.com/c-m-pe/electric-toothbrushes,philips,referral,oral_health_innovation
CLK120,USR10120,SES20240112010,2024-01-12 17:35:15,B07PQR345,Theragun Elite Percussive Therapy Device,Health & Fitness,399.00,https://amzn.to/3therapy345,/massage-devices,Mozilla/5.0 (Android 12; Mobile),172.16.0.205,US,Mobile,1,0.70,59,https://therabody.com/us/en-us/theragun-elite.html,therabody,referral,recovery_technology
CLK121,USR10121,SES20240113001,2024-01-13 08:12:33,B08N5WRWNW,Echo Dot (4th Gen) Smart speaker with Alexa,Electronics,49.99,https://amzn.to/3xyz123,/smart-home-devices,Mozilla/5.0 (Windows NT 10.0; Win64; x64),192.168.1.106,US,Desktop,1,0.80,65,https://google.com/search?q=alexa+smart+home+setup,google,organic,home_automation_guide
CLK122,USR10122,SES20240113002,2024-01-13 09:28:44,B07FZ8S74R,Fire TV Stick 4K streaming device,Electronics,39.99,https://amzn.to/3abc456,/streaming-devices,Mozilla/5.0 (iPhone; CPU iPhone OS 15_0),10.0.0.56,US,Mobile,2,0.65,52,https://disney.com/streaming,disney,streaming,family_entertainment_options
CLK123,USR10123,SES20240113003,2024-01-13 10:45:22,B08C1W5N87,Instant Pot Duo 7-in-1 Electric Pressure Cooker,Kitchen,79.95,https://amzn.to/3def789,/kitchen-appliances,Mozilla/5.0 (Macintosh; Intel Mac OS X 10_15_7),172.16.0.31,CA,Desktop,1,0.90,86,https://reddit.com/r/instantpot,reddit,social,pressure_cooking_community
CLK124,USR10124,SES20240113004,2024-01-13 11:32:15,B07HGJKL12,Apple AirPods Pro (2nd Generation),Electronics,249.00,https://amzn.to/3ghi012,/audio-devices,Mozilla/5.0 (Android 12; Mobile),203.0.113.21,UK,Mobile,3,0.55,43,https://apple.com/airpods-pro,apple,referral,premium_audio_experience
CLK125,USR10125,SES20240113005,2024-01-13 12:18:33,B09MNOP345,Ninja Foodi Personal Blender,Kitchen,79.99,https://amzn.to/3jkl345,/small-appliances,Mozilla/5.0 (Windows NT 10.0; Win64; x64),198.51.100.81,AU,Desktop,2,0.50,38,https://amazon.com.au/kitchen-appliances,amazon,direct,kitchen_essentials_au
CLK126,USR10126,SES20240113006,2024-01-13 13:45:44,B08QRST678,Ring Video Doorbell 4,Home Security,199.99,https://amzn.to/3mno678,/home-security,Mozilla/5.0 (iPad; CPU OS 15_0),192.0.2.157,US,Tablet,1,0.85,74,https://ring.com/products/video-doorbell-4,ring,referral,smart_security_solutions
CLK127,USR10127,SES20240113007,2024-01-13 14:22:18,B07TUVW901,Fitbit Charge 5 Fitness Tracker,Health & Fitness,149.95,https://amzn.to/3pqr901,/fitness-trackers,Mozilla/5.0 (iPhone; CPU iPhone OS 15_0),10.0.0.206,US,Mobile,1,0.60,49,https://fitbit.com/global/us/products/trackers/charge5,fitbit,referral,health_tracking_innovation
CLK128,USR10128,SES20240113008,2024-01-13 15:38:22,B09XYZ234,Sony WH-1000XM4 Wireless Headphones,Electronics,348.00,https://amzn.to/3stu234,/headphones,Mozilla/5.0 (Windows NT 10.0; Win64; x64),203.0.113.81,US,Desktop,2,0.80,76,https://sony.com/electronics/headband-headphones/wh-1000xm4,sony,referral,premium_audio_technology
CLK129,USR10129,SES20240113009,2024-01-13 16:25:15,B08ABC567,Keurig K-Mini Coffee Maker,Kitchen,59.99,https://amzn.to/3vwx567,/coffee-makers,Mozilla/5.0 (Macintosh; Intel Mac OS X 10_15_7),198.51.100.106,CA,Desktop,3,0.70,60,https://pinterest.com/pin/coffee-station-ideas,pinterest,social,home_coffee_setup
CLK130,USR10130,SES20240113010,2024-01-13 17:42:33,B07DEF890,Anker Portable Charger PowerCore 10000,Electronics,25.99,https://amzn.to/3yza890,/portable-chargers,Mozilla/5.0 (Android 12; Mobile),172.16.0.56,US,Mobile,1,0.45,31,https://tiktok.com/@tech_reviews,tiktok,social,tech_accessories_reviews
CLK131,USR10131,SES20240114001,2024-01-14 08:35:44,B09GHI123,Shark Navigator Lift-Away Vacuum,Home & Garden,179.99,https://amzn.to/3bcd123,/vacuum-cleaners,Mozilla/5.0 (Windows NT 10.0; Win64; x64),192.168.1.181,US,Desktop,1,0.75,64,https://google.com/search?q=shark+vacuum+reviews,google,organic,home_cleaning_solutions
CLK132,USR10132,SES20240114002,2024-01-14 09:22:18,B08JKL456,Roku Ultra 4K Streaming Device,Electronics,99.99,https://amzn.to/3efg456,/streaming-devices,Mozilla/5.0 (iPhone; CPU iPhone OS 15_0),10.0.0.81,US,Mobile,2,0.65,53,https://paramount.com/shows,paramount,streaming,premium_content_access
CLK133,USR10133,SES20240114003,2024-01-14 10:48:15,B07MNO789,Cuisinart Air Fryer Toaster Oven,Kitchen,199.95,https://amzn.to/3hij789,/air-fryers,Mozilla/5.0 (Macintosh; Intel Mac OS X 10_15_7),203.0.113.56,CA,Desktop,1,0.90,87,https://pinterest.com/board/air-fryer-recipes,pinterest,social,healthy_cooking_inspiration
CLK134,USR10134,SES20240114004,2024-01-14 11:25:33,B09PQR012,Apple Watch Series 8,Electronics,399.00,https://amzn.to/3klm012,/smartwatches,Mozilla/5.0 (iPad; CPU OS 15_0),198.51.100.31,US,Tablet,1,0.75,68,https://apple.com/watch/why-apple-watch,apple,referral,wearable_technology_leader
CLK135,USR10135,SES20240114005,2024-01-14 12:42:44,B08STU345,Dyson V8 Cordless Vacuum,Home & Garden,349.99,https://amzn.to/3nop345,/cordless-vacuums,Mozilla/5.0 (Windows NT 10.0; Win64; x64),172.16.0.106,UK,Desktop,2,0.85,75,https://google.com/search?q=dyson+v8+vs+v11,google,organic,vacuum_comparison_guide
CLK136,USR10136,SES20240114006,2024-01-14 13:18:22,B07VWX678,Bose QuietComfort 45 Headphones,Electronics,329.00,https://amzn.to/3qrs678,/noise-cancelling-headphones,Mozilla/5.0 (Android 12; Mobile),192.0.2.158,AU,Mobile,1,0.60,45,https://bose.com/en_us/products/headphones/over_ear_headphones/quietcomfort-45-headphones.html,bose,referral,audio_excellence_brand
CLK137,USR10137,SES20240114007,2024-01-14 14:35:15,B09YZA901,Ninja Creami Ice Cream Maker,Kitchen,199.99,https://amzn.to/3tuv901,/ice-cream-makers,Mozilla/5.0 (iPhone; CPU iPhone OS 15_0),10.0.0.131,US,Mobile,3,0.70,57,https://facebook.com/groups/ninja-creami-recipes,facebook,social,dessert_making_community
CLK138,USR10138,SES20240114008,2024-01-14 15:22:33,B08BCD234,Samsung 55" 4K Smart TV,Electronics,497.99,https://amzn.to/3wxy234,/smart-tvs,Mozilla/5.0 (Windows NT 10.0; Win64; x64),203.0.113.206,DE,Desktop,1,0.85,78,https://samsung.com/de/tvs,samsung,referral,home_entertainment_innovation
CLK139,USR10139,SES20240114009,2024-01-14 16:45:18,B07EFG567,Vitamix 5200 Blender,Kitchen,449.95,https://amzn.to/3zab567,/blenders,Mozilla/5.0 (Macintosh; Intel Mac OS X 10_15_7),198.51.100.156,CA,Desktop,2,0.80,72,https://reddit.com/r/vitamix,reddit,social,blending_enthusiasts_community
CLK140,USR10140,SES20240114010,2024-01-14 17:32:44,B09HIJ890,Garmin Forerunner 245 GPS Watch,Health & Fitness,299.99,https://amzn.to/3cde890,/gps-watches,Mozilla/5.0 (Android 12; Mobile),172.16.0.206,US,Mobile,1,0.55,40,https://garmin.com/en-US/p/628939,garmin,referral,gps_fitness_technology
CLK141,USR10141,SES20240115001,2024-01-15 08:15:22,B08EFG123,Instant Vortex Plus 4-Quart Air Fryer,Kitchen,79.99,https://amzn.to/3air123,/air-fryers,Mozilla/5.0 (Windows NT 10.0; Win64; x64),192.168.1.107,US,Desktop,1,0.75,66,https://google.com/search?q=compact+air+fryer+reviews,google,organic,small_kitchen_appliances
CLK142,USR10142,SES20240115002,2024-01-15 09:32:33,B07GHI456,Anova Culinary Sous Vide Precision Cooker,Kitchen,149.99,https://amzn.to/3sous456,/sous-vide,Mozilla/5.0 (iPhone; CPU iPhone OS 15_0),10.0.0.57,US,Mobile,2,0.60,50,https://youtube.com/c/ChefSteps,youtube,video,culinary_techniques_channel
CLK143,USR10143,SES20240115003,2024-01-15 10:48:44,B09JKL789,Breville Barista Express Espresso Machine,Kitchen,699.95,https://amzn.to/3espresso789,/espresso-machines,Mozilla/5.0 (Macintosh; Intel Mac OS X 10_15_7),172.16.0.32,CA,Desktop,1,0.85,82,https://breville.com/ca/en/products/espresso.html,breville,referral,coffee_machine_excellence
CLK144,USR10144,SES20240115004,2024-01-15 11:25:15,B08MNO012,Philips Sonicare ProtectiveClean 6100,Health & Personal Care,149.99,https://amzn.to/3sonic012,/electric-toothbrushes,Mozilla/5.0 (Android 12; Mobile),203.0.113.22,UK,Mobile,3,0.45,37,https://philips.co.uk/c-m-pe/electric-toothbrushes,philips,referral,oral_care_innovation
CLK145,USR10145,SES20240115005,2024-01-15 12:42:18,B07PQR345,Theragun Elite Percussive Therapy Device,Health & Fitness,399.00,https://amzn.to/3therapy345,/massage-devices,Mozilla/5.0 (Windows NT 10.0; Win64; x64),198.51.100.82,AU,Desktop,2,0.70,61,https://instagram.com/therabody,instagram,social,recovery_wellness_brand
CLK146,USR10146,SES20240115006,2024-01-15 13:18:33,B08STU901,KitchenAid Stand Mixer Artisan Series,Kitchen,379.99,https://amzn.to/3kitchenaid901,/stand-mixers,Mozilla/5.0 (iPad; CPU OS 15_0),192.0.2.159,US,Tablet,1,0.80,69,https://kitchenaid.com/countertop-appliances/stand-mixers,kitchenaid,referral,baking_equipment_leader
CLK147,USR10147,SES20240115007,2024-01-15 14:35:44,B09VWX234,iPad Air (5th Generation),Electronics,599.00,https://amzn.to/3ipad234,/tablets,Mozilla/5.0 (iPhone; CPU iPhone OS 15_0),10.0.0.132,US,Mobile,1,0.65,54,https://apple.com/ipad-air,apple,referral,creative_productivity_tablet
CLK148,USR10148,SES20240115008,2024-01-15 15:22:22,B08YZA567,Ninja Professional Blender BL610,Kitchen,89.99,https://amzn.to/3ninja567,/blenders,Mozilla/5.0 (Windows NT 10.0; Win64; x64),203.0.113.82,US,Desktop,2,0.70,58,https://ninjakitchen.com/products/ninja-professional-blender-bl610,ninja,referral,blending_power_solutions
CLK149,USR10149,SES20240115009,2024-01-15 16:45:15,B07BCD890,Roomba i7+ Robot Vacuum,Home & Garden,799.99,https://amzn.to/3roomba890,/robot-vacuums,Mozilla/5.0 (Macintosh; Intel Mac OS X 10_15_7),198.51.100.107,CA,Desktop,3,0.85,73,https://irobot.com/roomba/i-series,irobot,referral,smart_cleaning_technology
CLK150,USR10150,SES20240115010,2024-01-15 17:32:33,B09DEF123,MacBook Air M2,Electronics,1199.00,https://amzn.to/3macbook123,/laptops,Mozilla/5.0 (Android 12; Mobile),172.16.0.57,US,Mobile,1,0.60,46,https://apple.com/macbook-air-m2,apple,referral,laptop_innovation_leader
CLK151,USR10151,SES20240116001,2024-01-16 08:22:44,B08EFG456,Hydro Flask Water Bottle,Sports & Outdoors,39.95,https://amzn.to/3hydro456,/water-bottles,Mozilla/5.0 (Windows NT 10.0; Win64; x64),192.168.1.182,US,Desktop,1,0.55,41,https://google.com/search?q=insulated+water+bottle,google,organic,hydration_solutions
CLK152,USR10152,SES20240116002,2024-01-16 09:45:33,B07GHI789,AirPods (3rd Generation),Electronics,179.00,https://amzn.to/3airpods789,/audio,Mozilla/5.0 (iPhone; CPU iPhone OS 15_0),10.0.0.82,US,Mobile,2,0.50,42,https://apple.com/airpods-3rd-generation,apple,referral,wireless_audio_freedom
CLK153,USR10153,SES20240116003,2024-01-16 10:18:22,B09HIJ012,Kindle Paperwhite (11th Generation),Electronics,139.99,https://amzn.to/3kindle012,/e-readers,Mozilla/5.0 (Macintosh; Intel Mac OS X 10_15_7),203.0.113.57,CA,Desktop,1,0.75,62,https://amazon.com/kindle-paperwhite,amazon,direct,digital_reading_experience
CLK154,USR10154,SES20240116004,2024-01-16 11:35:15,B08JKL345,Beats Studio3 Wireless Headphones,Electronics,349.95,https://amzn.to/3beats345,/headphones,Mozilla/5.0 (iPad; CPU OS 15_0),198.51.100.32,US,Tablet,1,0.65,56,https://beats.com/headphones/studio3-wireless,beats,referral,premium_audio_brand
CLK155,USR10155,SES20240116005,2024-01-16 12:22:33,B07MNO678,Yeti Rambler Tumbler,Kitchen,34.99,https://amzn.to/3yeti678,/drinkware,Mozilla/5.0 (Windows NT 10.0; Win64; x64),172.16.0.107,UK,Desktop,2,0.60,48,https://yeti.com/drinkware/tumblers,yeti,referral,outdoor_drinkware_leader
CLK156,USR10156,SES20240116006,2024-01-16 13:48:44,B09PQR901,Nintendo Switch OLED Model,Electronics,349.99,https://amzn.to/3switch901,/gaming-consoles,Mozilla/5.0 (Android 12; Mobile),192.0.2.160,AU,Mobile,1,0.70,59,https://nintendo.com/switch,nintendo,referral,gaming_entertainment_system
CLK157,USR10157,SES20240116007,2024-01-16 14:25:22,B08STU234,Lululemon Align High-Rise Pant,Clothing,128.00,https://amzn.to/3lulu234,/activewear,Mozilla/5.0 (iPhone; CPU iPhone OS 15_0),10.0.0.207,US,Mobile,3,0.55,44,https://shop.lululemon.com/p/womens-leggings/Align-Pant-2,lululemon,referral,premium_activewear_brand
CLK158,USR10158,SES20240116008,2024-01-16 15:42:15,B07VWX567,Patagonia Better Sweater Fleece Jacket,Clothing,99.00,https://amzn.to/3patagonia567,/outerwear,Mozilla/5.0 (Windows NT 10.0; Win64; x64),203.0.113.83,US,Desktop,1,0.65,53,https://patagonia.com/product/mens-better-sweater-fleece-jacket,patagonia,referral,sustainable_outdoor_clothing
CLK159,USR10159,SES20240116009,2024-01-16 16:18:33,B09YZA890,Allbirds Tree Runners,Shoes,98.00,https://amzn.to/3allbirds890,/sneakers,Mozilla/5.0 (Macintosh; Intel Mac OS X 10_15_7),198.51.100.157,CA,Desktop,2,0.60,51,https://allbirds.com/products/mens-tree-runners,allbirds,referral,sustainable_footwear_innovation
CLK160,USR10160,SES20240116010,2024-01-16 17:35:44,B08ABC123,Peloton Bike+,Health & Fitness,2495.00,https://amzn.to/3peloton123,/exercise-bikes,Mozilla/5.0 (Android 12; Mobile),172.16.0.58,US,Mobile,1,0.80,67,https://onepeloton.com/bikes/bike-plus,peloton,referral,premium_fitness_equipment
CLK161,USR10161,SES20240117001,2024-01-17 08:15:33,B07DEF456,Oura Ring Gen3,Health & Fitness,299.00,https://amzn.to/3oura456,/wearable-tech,Mozilla/5.0 (Windows NT 10.0; Win64; x64),192.168.1.108,US,Desktop,1,0.70,63,https://ouraring.com/product/heritage-silver,oura,referral,health_tracking_ring
CLK162,USR10162,SES20240117002,2024-01-17 09:32:22,B09GHI789,Tesla Model Y Phone Mount,Automotive,49.99,https://amzn.to/3tesla789,/phone-accessories,Mozilla/5.0 (iPhone; CPU iPhone OS 15_0),10.0.0.58,US,Mobile,2,0.45,35,https://shop.tesla.com/product/model-y-wireless-phone-charger,tesla,referral,ev_accessories_official
CLK163,USR10163,SES20240117003,2024-01-17 10:48:15,B08JKL012,Sonos One Smart Speaker,Electronics,219.00,https://amzn.to/3sonos012,/smart-speakers,Mozilla/5.0 (Macintosh; Intel Mac OS X 10_15_7),172.16.0.33,CA,Desktop,1,0.75,64,https://sonos.com/en-us/shop/one,sonos,referral,smart_audio_ecosystem
CLK164,USR10164,SES20240117004,2024-01-17 11:25:44,B07MNO345,Tile Mate Bluetooth Tracker,Electronics,59.99,https://amzn.to/3tile345,/bluetooth-trackers,Mozilla/5.0 (Android 12; Mobile),203.0.113.23,UK,Mobile,3,0.50,39,https://tileinc.com/en-us/products/mate,tile,referral,item_tracking_solution
CLK165,USR10165,SES20240117005,2024-01-17 12:42:33,B09PQR678,Oculus Quest 2 VR Headset,Electronics,399.99,https://amzn.to/3oculus678,/vr-headsets,Mozilla/5.0 (Windows NT 10.0; Win64; x64),198.51.100.83,AU,Desktop,2,0.80,71,https://meta.com/quest/products/quest-2,meta,referral,vr_gaming_platform
CLK166,USR10166,SES20240117006,2024-01-17 13:18:22,B08STU901,Nespresso VertuoPlus Coffee Machine,Kitchen,179.99,https://amzn.to/3nespresso901,/coffee-machines,Mozilla/5.0 (iPad; CPU OS 15_0),192.0.2.161,US,Tablet,1,0.65,55,https://nespresso.com/us/en/order/machines/vertuo/vertuoplus-coffee-machine-black,nespresso,referral,premium_coffee_experience
CLK167,USR10167,SES20240117007,2024-01-17 14:35:15,B07VWX234,Brita Water Filter Pitcher,Kitchen,29.99,https://amzn.to/3brita234,/water-filters,Mozilla/5.0 (iPhone; CPU iPhone OS 15_0),10.0.0.133,US,Mobile,1,0.55,43,https://brita.com/water-pitchers,brita,referral,water_filtration_leader
CLK168,USR10168,SES20240117008,2024-01-17 15:22:44,B09YZA567,Crock-Pot 6-Quart Slow Cooker,Kitchen,49.99,https://amzn.to/3crockpot567,/slow-cookers,Mozilla/5.0 (Windows NT 10.0; Win64; x64),203.0.113.207,DE,Desktop,2,0.70,57,https://crockpot.com/slow-cookers,crockpot,referral,convenient_cooking_solutions
CLK169,USR10169,SES20240117009,2024-01-17 16:45:33,B08ABC890,Bissell CrossWave Pet Pro,Home & Garden,249.99,https://amzn.to/3bissell890,/floor-care,Mozilla/5.0 (Macintosh; Intel Mac OS X 10_15_7),198.51.100.108,CA,Desktop,3,0.75,65,https://bissell.com/crosswave-pet-pro-all-in-one-wet-dry-vacuum,bissell,referral,pet_cleaning_specialist
CLK170,USR10170,SES20240117010,2024-01-17 17:32:22,B07DEF123,Philips Hue Smart Bulb Starter Kit,Electronics,99.99,https://amzn.to/3hue123,/smart-home,Mozilla/5.0 (Android 12; Mobile),172.16.0.59,US,Mobile,1,0.60,49,https://philips-hue.com/en-us/products/smart-light-bulbs,philips,referral,smart_lighting_innovation
CLK171,USR10171,SES20240118001,2024-01-18 08:22:15,B09GHI456,Razer DeathAdder V3 Gaming Mouse,Electronics,99.99,https://amzn.to/3razer456,/gaming-accessories,Mozilla/5.0 (Windows NT 10.0; Win64; x64),192.168.1.183,US,Desktop,1,0.65,52,https://razer.com/gaming-mice/razer-deathadder-v3,razer,referral,gaming_peripherals_leader
CLK172,USR10172,SES20240118002,2024-01-18 09:45:44,B08JKL789,Anker PowerWave Wireless Charger,Electronics,25.99,https://amzn.to/3anker789,/wireless-chargers,Mozilla/5.0 (iPhone; CPU iPhone OS 15_0),10.0.0.83,US,Mobile,2,0.40,33,https://anker.com/products/a2503-powerwave-10-stand,anker,referral,charging_solutions_expert
CLK173,USR10173,SES20240118003,2024-01-18 10:18:33,B07MNO012,Logitech MX Master 3 Mouse,Electronics,99.99,https://amzn.to/3logitech012,/computer-accessories,Mozilla/5.0 (Macintosh; Intel Mac OS X 10_15_7),203.0.113.58,CA,Desktop,1,0.70,61,https://logitech.com/en-us/products/mice/mx-master-3.html,logitech,referral,productivity_mouse_leader
CLK174,USR10174,SES20240118004,2024-01-18 11:35:22,B09PQR345,Keychron K2 Mechanical Keyboard,Electronics,89.99,https://amzn.to/3keychron345,/keyboards,Mozilla/5.0 (iPad; CPU OS 15_0),198.51.100.33,US,Tablet,1,0.60,47,https://keychron.com/products/keychron-k2-wireless-mechanical-keyboard,keychron,referral,mechanical_keyboard_innovation
CLK175,USR10175,SES20240118005,2024-01-18 12:22:44,B08STU678,Webcam 1080P HD,Electronics,69.99,https://amzn.to/3webcam678,/webcams,Mozilla/5.0 (Windows NT 10.0; Win64; x64),172.16.0.108,UK,Desktop,2,0.55,45,https://logitech.com/en-gb/products/webcams,logitech,referral,video_conferencing_solutions
CLK176,USR10176,SES20240118006,2024-01-18 13:48:15,B07VWX901,Blue Yeti USB Microphone,Electronics,99.99,https://amzn.to/3blueyeti901,/microphones,Mozilla/5.0 (Android 12; Mobile),192.0.2.162,AU,Mobile,1,0.65,54,https://bluemic.com/en-us/products/yeti,blue,referral,content_creation_audio
CLK177,USR10177,SES20240118007,2024-01-18 14:25:33,B09YZA234,Ring Alarm 8-piece Kit,Home Security,199.99,https://amzn.to/3ringalarm234,/security-systems,Mozilla/5.0 (iPhone; CPU iPhone OS 15_0),10.0.0.134,US,Mobile,3,0.70,58,https://ring.com/alarm-security-kit,ring,referral,diy_security_solutions
CLK178,USR10178,SES20240118008,2024-01-18 15:42:22,B08ABC567,Nest Learning Thermostat,Electronics,249.99,https://amzn.to/3nest567,/smart-home,Mozilla/5.0 (Windows NT 10.0; Win64; x64),203.0.113.84,US,Desktop,1,0.75,66,https://store.google.com/product/nest_learning_thermostat_3rd_gen,google,referral,smart_home_climate_control
CLK179,USR10179,SES20240118009,2024-01-18 16:18:44,B07DEF890,Arlo Pro 4 Security Camera,Home Security,199.99,https://amzn.to/3arlo890,/security-cameras,Mozilla/5.0 (Macintosh; Intel Mac OS X 10_15_7),198.51.100.158,CA,Desktop,2,0.60,50,https://arlo.com/en-us/products/arlo-pro-4,arlo,referral,wireless_security_cameras
CLK180,USR10180,SES20240118010,2024-01-18 17:35:15,B09GHI123,Eufy RoboVac 11S,Home & Garden,229.99,https://amzn.to/3eufy123,/robot-vacuums,Mozilla/5.0 (Android 12; Mobile),172.16.0.60,US,Mobile,1,0.65,53,https://eufylife.com/products/t2108,eufy,referral,affordable_robot_cleaning
CLK181,USR10181,SES20240119001,2024-01-19 08:15:44,B08JKL456,Waterpik Water Flosser,Health & Personal Care,79.99,https://amzn.to/3waterpik456,/oral-care,Mozilla/5.0 (Windows NT 10.0; Win64; x64),192.168.1.109,US,Desktop,1,0.55,42,https://waterpik.com/oral-health/water-flossers,waterpik,referral,oral_hygiene_innovation
CLK182,USR10182,SES20240119002,2024-01-19 09:32:33,B07MNO789,Ninja Foodi Pressure Cooker,Kitchen,199.99,https://amzn.to/3ninjafoodi789,/multi-cookers,Mozilla/5.0 (iPhone; CPU iPhone OS 15_0),10.0.0.59,US,Mobile,2,0.70,56,https://ninjakitchen.com/products/ninja-foodi-pressure-cooker,ninja,referral,versatile_cooking_appliance
CLK183,USR10183,SES20240119003,2024-01-19 10:48:22,B09PQR012,Herman Miller Aeron Chair,Furniture,1395.00,https://amzn.to/3aeron012,/office-chairs,Mozilla/5.0 (Macintosh; Intel Mac OS X 10_15_7),172.16.0.34,CA,Desktop,1,0.80,74,https://hermanmiller.com/products/seating/office-chairs/aeron-chairs,hermanmiller,referral,ergonomic_office_furniture
CLK184,USR10184,SES20240119004,2024-01-19 11:25:15,B08STU345,Steelcase Leap V2 Chair,Furniture,926.00,https://amzn.to/3steelcase345,/office-chairs,Mozilla/5.0 (Android 12; Mobile),203.0.113.24,UK,Mobile,3,0.65,48,https://steelcase.com/products/office-chairs/leap,steelcase,referral,workplace_seating_solutions
CLK185,USR10185,SES20240119005,2024-01-19 12:42:44,B08N5WRWNW,Echo Dot (4th Gen) Smart speaker with Alexa,Electronics,49.99,https://amzn.to/3xyz123,/smart-home-devices,Mozilla/5.0 (Windows NT 10.0; Win64; x64),198.51.100.84,AU,Desktop,2,0.80,67,https://amazon.com.au/echo-dot,amazon,direct,voice_assistant_australia
CLK186,USR10186,SES20240119006,2024-01-19 13:18:33,B07FZ8S74R,Fire TV Stick 4K streaming device,Electronics,39.99,https://amzn.to/3abc456,/streaming-devices,Mozilla/5.0 (iPad; CPU OS 15_0),192.0.2.163,US,Tablet,1,0.65,55,https://amazon.com/fire-tv-stick-4k,amazon,direct,streaming_device_official
CLK187,USR10187,SES20240119007,2024-01-19 14:35:22,B08C1W5N87,Instant Pot Duo 7-in-1 Electric Pressure Cooker,Kitchen,79.95,https://amzn.to/3def789,/kitchen-appliances,Mozilla/5.0 (iPhone; CPU iPhone OS 15_0),10.0.0.208,US,Mobile,1,0.90,88,https://instantpot.com/portfolio-item/duo-7-in-1-electric-pressure-cooker,instantpot,referral,multi_cooking_innovation
CLK188,USR10188,SES20240119008,2024-01-19 15:22:15,B07HGJKL12,Apple AirPods Pro (2nd Generation),Electronics,249.00,https://amzn.to/3ghi012,/audio-devices,Mozilla/5.0 (Windows NT 10.0; Win64; x64),203.0.113.85,US,Desktop,2,0.55,44,https://apple.com/airpods-pro,apple,referral,premium_wireless_earbuds
CLK189,USR10189,SES20240119009,2024-01-19 16:45:33,B09MNOP345,Ninja Foodi Personal Blender,Kitchen,79.99,https://amzn.to/3jkl345,/small-appliances,Mozilla/5.0 (Macintosh; Intel Mac OS X 10_15_7),198.51.100.109,CA,Desktop,3,0.50,40,https://ninjakitchen.com/products/ninja-foodi-personal-blender,ninja,referral,personal_nutrition_blending
CLK190,USR10190,SES20240119010,2024-01-19 17:32:44,B08QRST678,Ring Video Doorbell 4,Home Security,199.99,https://amzn.to/3mno678,/home-security,Mozilla/5.0 (Android 12; Mobile),172.16.0.61,US,Mobile,1,0.85,76,https://ring.com/products/video-doorbell-4,ring,referral,smart_doorbell_security
CLK191,USR10191,SES20240120001,2024-01-20 08:22:33,B07TUVW901,Fitbit Charge 5 Fitness Tracker,Health & Fitness,149.95,https://amzn.to/3pqr901,/fitness-trackers,Mozilla/5.0 (Windows NT 10.0; Win64; x64),192.168.1.184,US,Desktop,1,0.60,51,https://fitbit.com/global/us/products/trackers/charge5,fitbit,referral,advanced_fitness_tracking
CLK192,USR10192,SES20240120002,2024-01-20 09:45:22,B09XYZ234,Sony WH-1000XM4 Wireless Headphones,Electronics,348.00,https://amzn.to/3stu234,/headphones,Mozilla/5.0 (iPhone; CPU iPhone OS 15_0),10.0.0.84,US,Mobile,2,0.80,77,https://sony.com/electronics/headband-headphones/wh-1000xm4,sony,referral,industry_leading_noise_cancellation
CLK193,USR10193,SES20240120003,2024-01-20 10:18:15,B08ABC567,Keurig K-Mini Coffee Maker,Kitchen,59.99,https://amzn.to/3vwx567,/coffee-makers,Mozilla/5.0 (Macintosh; Intel Mac OS X 10_15_7),203.0.113.59,CA,Desktop,1,0.70,62,https://keurig.com/K-Mini-Coffee-Maker/p/K-Mini-Coffee-Maker,keurig,referral,single_serve_coffee_convenience
CLK194,USR10194,SES20240120004,2024-01-20 11:35:44,B07DEF890,Anker Portable Charger PowerCore 10000,Electronics,25.99,https://amzn.to/3yza890,/portable-chargers,Mozilla/5.0 (iPad; CPU OS 15_0),198.51.100.34,US,Tablet,1,0.45,34,https://anker.com/products/a1263-powercore-10000,anker,referral,portable_power_solutions
CLK195,USR10195,SES20240120005,2024-01-20 12:22:22,B09GHI123,Shark Navigator Lift-Away Vacuum,Home & Garden,179.99,https://amzn.to/3bcd123,/vacuum-cleaners,Mozilla/5.0 (Windows NT 10.0; Win64; x64),172.16.0.109,UK,Desktop,2,0.75,66,https://sharkclean.com/vacuums/upright-vacuums/shark-navigator-lift-away-professional,shark,referral,versatile_vacuum_cleaning
CLK196,USR10196,SES20240120006,2024-01-20 13:48:33,B08JKL456,Roku Ultra 4K Streaming Device,Electronics,99.99,https://amzn.to/3efg456,/streaming-devices,Mozilla/5.0 (Android 12; Mobile),192.0.2.164,AU,Mobile,1,0.65,56,https://roku.com/products/roku-ultra,roku,referral,premium_streaming_experience
CLK197,USR10197,SES20240120007,2024-01-20 14:25:15,B07MNO789,Cuisinart Air Fryer Toaster Oven,Kitchen,199.95,https://amzn.to/3hij789,/air-fryers,Mozilla/5.0 (iPhone; CPU iPhone OS 15_0),10.0.0.135,US,Mobile,3,0.90,89,https://cuisinart.com/shopping/appliances/toaster_ovens/toa-60,cuisinart,referral,versatile_countertop_cooking
CLK198,USR10198,SES20240120008,2024-01-20 15:42:44,B09PQR012,Apple Watch Series 8,Electronics,399.00,https://amzn.to/3klm012,/smartwatches,Mozilla/5.0 (Windows NT 10.0; Win64; x64),203.0.113.208,DE,Desktop,1,0.75,69,https://apple.com/de/watch,apple,referral,smartwatch_health_technology
CLK199,USR10199,SES20240120009,2024-01-20 16:18:22,B08STU345,Dyson V8 Cordless Vacuum,Home & Garden,349.99,https://amzn.to/3nop345,/cordless-vacuums,Mozilla/5.0 (Macintosh; Intel Mac OS X 10_15_7),198.51.100.159,CA,Desktop,2,0.85,76,https://dyson.ca/vacuum-cleaners/cordless/v8,dyson,referral,cordless_cleaning_innovation
CLK200,USR10200,SES20240120010,2024-01-20 17:35:33,B07VWX678,Bose QuietComfort 45 Headphones,Electronics,329.00,https://amzn.to/3qrs678,/noise-cancelling-headphones,Mozilla/5.0 (Android 12; Mobile),172.16.0.62,US,Mobile,1,0.60,47,https://bose.com/en_us/products/headphones/over_ear_headphones/quietcomfort-45-headphones.html,bose,referral,acoustic_noise_cancelling_excellence
